,equity,regime
2021-06-30,1.0,bear
2021-07-01,1.0,bear
2021-07-02,1.0,bear
2021-07-03,1.0,bear
2021-07-04,1.0,bear
2021-07-05,1.0,bear
2021-07-06,1.0,bear
2021-07-07,1.0,bear
2021-07-08,1.0,bear
2021-07-09,1.0,bear
2021-07-10,1.0,bear
2021-07-11,1.0,bear
2021-07-12,1.0,bear
2021-07-13,1.0,bear
2021-07-14,1.0,bear
2021-07-15,1.0,bear
2021-07-16,1.0,bear
2021-07-17,1.0,bear
2021-07-18,1.0,bear
2021-07-19,1.0,bear
2021-07-20,1.0,bear
2021-07-21,1.0,bear
2021-07-22,1.0,bear
2021-07-23,1.0,bear
2021-07-24,1.0,bear
2021-07-25,1.0,bear
2021-07-26,1.0,bear
2021-07-27,1.0,bear
2021-07-28,1.0,bear
2021-07-29,1.0,bear
2021-07-30,1.0,chop
2021-07-31,1.0,chop
2021-08-01,1.0,bear
2021-08-02,1.0,bear
2021-08-03,1.0,bear
2021-08-04,1.0,chop
2021-08-05,1.0,chop
2021-08-06,1.0,chop
2021-08-07,1.0,chop
2021-08-08,1.0,chop
2021-08-09,1.0,chop
2021-08-10,1.0,chop
2021-08-11,1.0052968871018946,chop
2021-08-12,0.9948773983607239,chop
2021-08-13,1.0234622176618742,chop
2021-08-14,1.0207434470062111,chop
2021-08-15,1.0417198678806745,chop
2021-08-16,1.0398236488821702,chop
2021-08-17,1.0253253914244411,chop
2021-08-18,1.03143140933163,chop
2021-08-19,1.0475139974421288,chop
2021-08-20,1.0676189091099735,chop
2021-08-21,1.0585559082423202,chop
2021-08-22,1.0589273292593688,chop
2021-08-23,1.0690559057862472,chop
2021-08-24,1.0391953012028052,chop
2021-08-25,1.05212868213351,chop
2021-08-26,1.0345976237806163,chop
2021-08-27,1.0670241221316867,chop
2021-08-28,1.075978253795271,chop
2021-08-29,1.0813498189177475,chop
2021-08-30,1.0884264231256802,chop
2021-08-31,1.095232433497933,chop
2021-09-01,1.1150006364864686,chop
2021-09-02,1.125952365841709,bull
2021-09-03,1.1390177958545178,bull
2021-09-04,1.1377153260940884,bull
2021-09-05,1.1484201064678285,bull
2021-09-06,1.1564474684255182,bull
2021-09-07,1.1005489957331198,bull
2021-09-08,1.105938007743291,bull
2021-09-09,1.1082561984446844,bull
2021-09-10,1.0958099866429984,bull
2021-09-11,1.109645334826477,bull
2021-09-12,1.11622318101429,bull
2021-09-13,1.0962880997132551,bull
2021-09-14,1.1021516290546225,bull
2021-09-15,1.1179684757145345,bull
2021-09-16,1.1164055008115699,bull
2021-09-17,1.1069738759231542,bull
2021-09-18,1.1186107346977792,bull
2021-09-19,1.1050652041528009,bull
2021-09-20,1.0552727492023395,bull
2021-09-21,1.0364663765178006,chop
2021-09-22,1.034642059862926,bull
2021-09-23,1.034642059862926,bull
2021-09-24,1.034642059862926,bull
2021-09-25,1.034642059862926,bull
2021-09-26,1.034642059862926,bull
2021-09-27,1.034642059862926,bull
2021-09-28,1.034642059862926,chop
2021-09-29,1.034642059862926,bull
2021-09-30,1.034642059862926,bull
2021-10-01,1.034642059862926,bull
2021-10-02,1.034642059862926,bull
2021-10-03,1.034642059862926,bull
2021-10-04,1.034642059862926,bull
2021-10-05,1.034642059862926,bull
2021-10-06,1.034642059862926,bull
2021-10-07,1.034642059862926,bull
2021-10-08,1.034642059862926,bull
2021-10-09,1.034642059862926,bull
2021-10-10,1.034642059862926,bull
2021-10-11,1.034642059862926,bull
2021-10-12,1.034642059862926,bull
2021-10-13,1.04205217095308,bull
2021-10-14,1.0439665592918856,bull
2021-10-15,1.0514342011723785,bull
2021-10-16,1.049561146101799,bull
2021-10-17,1.0507468748864208,bull
2021-10-18,1.0470200260935327,bull
2021-10-19,1.0527885866205475,bull
2021-10-20,1.067835789720777,bull
2021-10-21,1.060744474006732,bull
2021-10-22,1.0691128363997826,bull
2021-10-23,1.0703528270259197,bull
2021-10-24,1.0675630295071832,bull
2021-10-25,1.0824236625391768,bull
2021-10-26,1.0830013450503773,bull
2021-10-27,1.058074578779353,bull
2021-10-28,1.0673503425413196,bull
2021-10-29,1.0769475821690235,bull
2021-10-30,1.0684030522535293,bull
2021-10-31,1.0710149752528835,bull
2021-11-01,1.0758857014828676,bull
2021-11-02,1.086158066879521,bull
2021-11-03,1.0923631135582543,bull
2021-11-04,1.0881575933494196,bull
2021-11-05,1.0822373879331322,bull
2021-11-06,1.0930221772732,bull
2021-11-07,1.0993492623084364,bull
2021-11-08,1.1154357411581404,bull
2021-11-09,1.1039390459165253,bull
2021-11-10,1.0791596904129501,bull
2021-11-11,1.0857470299329095,bull
2021-11-12,1.0784996597948275,bull
2021-11-13,1.0874171215688944,bull
2021-11-14,1.0898689614646468,bull
2021-11-15,1.0875623883907906,bull
2021-11-16,1.0446079251525404,bull
2021-11-17,1.0516979263622663,bull
2021-11-18,1.0102925004680818,bull
2021-11-19,1.0395854420280002,bull
2021-11-20,1.0470146485279235,bull
2021-11-21,1.0431669580601044,bull
2021-11-22,1.0229270470105474,bull
2021-11-23,1.0456215728361593,bull
2021-11-24,1.0456727238709718,bull
2021-11-25,1.0662502727885355,bull
2021-11-26,1.015079875559698,chop
2021-11-27,1.0221643871873962,bull
2021-11-28,1.042149407757377,bull
2021-11-29,1.0515703307133681,bull
2021-11-30,1.0537006989765696,bull
2021-12-01,1.0586715646725589,bull
2021-12-02,1.0488075598258255,bull
2021-12-03,1.0169839368357405,chop
2021-12-04,0.9858792542268727,chop
2021-12-05,0.9753731032144529,chop
2021-12-06,0.9890704489914542,chop
2021-12-07,0.9842086284755484,chop
2021-12-08,0.9944385558753229,chop
2021-12-09,0.9627251225797406,chop
2021-12-10,0.9452297576873319,chop
2021-12-11,0.9646373304772448,chop
2021-12-12,0.9713706632927587,chop
2021-12-13,0.9317247141199306,chop
2021-12-14,0.9448136654110292,chop
2021-12-15,0.9422555831696576,chop
2021-12-16,0.9422555831696576,chop
2021-12-17,0.9422555831696576,chop
2021-12-18,0.9422555831696576,chop
2021-12-19,0.9422555831696576,chop
2021-12-20,0.9422555831696576,chop
2021-12-21,0.9422555831696576,chop
2021-12-22,0.9422555831696576,chop
2021-12-23,0.9422555831696576,chop
2021-12-24,0.9422555831696576,chop
2021-12-25,0.9422555831696576,chop
2021-12-26,0.9422555831696576,chop
2021-12-27,0.9422555831696576,chop
2021-12-28,0.9422555831696576,chop
2021-12-29,0.9422555831696576,chop
2021-12-30,0.9422555831696576,chop
2021-12-31,0.9422555831696576,chop
2022-01-01,0.9422555831696576,chop
2022-01-02,0.9422555831696576,chop
2022-01-03,0.9422555831696576,chop
2022-01-04,0.9422555831696576,chop
2022-01-05,0.9422555831696576,chop
2022-01-06,0.9422555831696576,chop
2022-01-07,0.9422555831696576,chop
2022-01-08,0.9422555831696576,chop
2022-01-09,0.9422555831696576,chop
2022-01-10,0.9422555831696576,chop
2022-01-11,0.9422555831696576,chop
2022-01-12,0.9422555831696576,chop
2022-01-13,0.9422555831696576,chop
2022-01-14,0.9422555831696576,bear
2022-01-15,0.9422555831696576,bear
2022-01-16,0.9422555831696576,bear
2022-01-17,0.9422555831696576,bear
2022-01-18,0.9422555831696576,bear
2022-01-19,0.9422555831696576,bear
2022-01-20,0.9422555831696576,bear
2022-01-21,0.9422555831696576,bear
2022-01-22,0.9422555831696576,bear
2022-01-23,0.9422555831696576,bear
2022-01-24,0.9422555831696576,bear
2022-01-25,0.9422555831696576,bear
2022-01-26,0.9422555831696576,bear
2022-01-27,0.9422555831696576,bear
2022-01-28,0.9422555831696576,bear
2022-01-29,0.9422555831696576,bear
2022-01-30,0.9422555831696576,bear
2022-01-31,0.9422555831696576,bear
2022-02-01,0.9422555831696576,bear
2022-02-02,0.9422555831696576,bear
2022-02-03,0.9422555831696576,bear
2022-02-04,0.9422555831696576,bear
2022-02-05,0.9422555831696576,bear
2022-02-06,0.9422555831696576,bear
2022-02-07,0.9422555831696576,bear
2022-02-08,0.9422555831696576,bear
2022-02-09,0.9422555831696576,bear
2022-02-10,0.9422555831696576,bear
2022-02-11,0.9422555831696576,bear
2022-02-12,0.9422555831696576,bear
2022-02-13,0.9422555831696576,bear
2022-02-14,0.9422555831696576,bear
2022-02-15,0.9422555831696576,bear
2022-02-16,0.9422555831696576,bear
2022-02-17,0.9422555831696576,bear
2022-02-18,0.9422555831696576,bear
2022-02-19,0.9422555831696576,bear
2022-02-20,0.9422555831696576,bear
2022-02-21,0.9422555831696576,bear
2022-02-22,0.9422555831696576,bear
2022-02-23,0.9422555831696576,bear
2022-02-24,0.9422555831696576,bear
2022-02-25,0.9422555831696576,bear
2022-02-26,0.9422555831696576,bear
2022-02-27,0.9422555831696576,bear
2022-02-28,0.9422555831696576,bear
2022-03-01,0.9422555831696576,bear
2022-03-02,0.9422555831696576,bear
2022-03-03,0.9422555831696576,bear
2022-03-04,0.9422555831696576,bear
2022-03-05,0.9422555831696576,bear
2022-03-06,0.9422555831696576,bear
2022-03-07,0.9422555831696576,bear
2022-03-08,0.9422555831696576,bear
2022-03-09,0.9422555831696576,bear
2022-03-10,0.9422555831696576,bear
2022-03-11,0.9422555831696576,bear
2022-03-12,0.9422555831696576,bear
2022-03-13,0.9422555831696576,bear
2022-03-14,0.9422555831696576,bear
2022-03-15,0.9422555831696576,bear
2022-03-16,0.9422555831696576,bear
2022-03-17,0.9422555831696576,bear
2022-03-18,0.9422555831696576,bear
2022-03-19,0.9422555831696576,bear
2022-03-20,0.9422555831696576,bear
2022-03-21,0.9422555831696576,bear
2022-03-22,0.9422555831696576,chop
2022-03-23,0.9422555831696576,chop
2022-03-24,0.9422555831696576,chop
2022-03-25,0.9422555831696576,chop
2022-03-26,0.9422555831696576,chop
2022-03-27,0.9422555831696576,chop
2022-03-28,0.9422555831696576,chop
2022-03-29,0.9422555831696576,chop
2022-03-30,0.9422555831696576,chop
2022-03-31,0.9422555831696576,chop
2022-04-01,0.9422555831696576,chop
2022-04-02,0.9422555831696576,chop
2022-04-03,0.9422555831696576,chop
2022-04-04,0.9422555831696576,chop
2022-04-05,0.9422555831696576,chop
2022-04-06,0.9422555831696576,chop
2022-04-07,0.9422555831696576,chop
2022-04-08,0.9422555831696576,chop
2022-04-09,0.9422555831696576,chop
2022-04-10,0.9422555831696576,chop
2022-04-11,0.9062561751613096,bear
2022-04-12,0.9156471694134497,bear
2022-04-13,0.924714347238707,bear
2022-04-14,0.9181135236210648,bear
2022-04-15,0.9304406144142322,bear
2022-04-16,0.9272862459608193,bear
2022-04-17,0.9113773750210876,bear
2022-04-18,0.9208507506389902,bear
2022-04-19,0.9343826863994603,chop
2022-04-20,0.9243127364399633,chop
2022-04-21,0.904291473680244,bear
2022-04-22,0.9006687469113377,bear
2022-04-23,0.8921113010470009,bear
2022-04-24,0.8833023605939491,bear
2022-04-25,0.8911827123368097,bear
2022-04-26,0.8516126613389658,bear
2022-04-27,0.8593435957131222,bear
2022-04-28,0.8498879767441189,bear
2022-04-29,0.8237154465116167,bear
2022-04-30,0.7908678606142833,bear
2022-05-01,0.8119755715904499,bear
2022-05-02,0.8098001566486807,bear
2022-05-03,0.8098001566486807,bear
2022-05-04,0.8098001566486807,bear
2022-05-05,0.8098001566486807,bear
2022-05-06,0.8098001566486807,bear
2022-05-07,0.8098001566486807,bear
2022-05-08,0.8098001566486807,bear
2022-05-09,0.8098001566486807,bear
2022-05-10,0.8098001566486807,bear
2022-05-11,0.8098001566486807,bear
2022-05-12,0.8098001566486807,bear
2022-05-13,0.8098001566486807,bear
2022-05-14,0.8098001566486807,bear
2022-05-15,0.8098001566486807,bear
2022-05-16,0.8098001566486807,bear
2022-05-17,0.8098001566486807,bear
2022-05-18,0.8098001566486807,bear
2022-05-19,0.8098001566486807,bear
2022-05-20,0.8098001566486807,bear
2022-05-21,0.8098001566486807,bear
2022-05-22,0.8098001566486807,bear
2022-05-23,0.8098001566486807,bear
2022-05-24,0.8098001566486807,bear
2022-05-25,0.8098001566486807,bear
2022-05-26,0.8098001566486807,bear
2022-05-27,0.8098001566486807,bear
2022-05-28,0.8098001566486807,bear
2022-05-29,0.8098001566486807,bear
2022-05-30,0.8098001566486807,bear
2022-05-31,0.8098001566486807,bear
2022-06-01,0.8098001566486807,bear
2022-06-02,0.8098001566486807,bear
2022-06-03,0.8098001566486807,bear
2022-06-04,0.8098001566486807,bear
2022-06-05,0.8098001566486807,bear
2022-06-06,0.8098001566486807,bear
2022-06-07,0.8098001566486807,bear
2022-06-08,0.8098001566486807,bear
2022-06-09,0.8098001566486807,bear
2022-06-10,0.8098001566486807,bear
2022-06-11,0.8098001566486807,bear
2022-06-12,0.8098001566486807,bear
2022-06-13,0.8098001566486807,bear
2022-06-14,0.8098001566486807,bear
2022-06-15,0.8098001566486807,bear
2022-06-16,0.8098001566486807,bear
2022-06-17,0.8098001566486807,bear
2022-06-18,0.8098001566486807,bear
2022-06-19,0.8098001566486807,bear
2022-06-20,0.8098001566486807,bear
2022-06-21,0.8098001566486807,bear
2022-06-22,0.8098001566486807,bear
2022-06-23,0.8098001566486807,bear
2022-06-24,0.8098001566486807,bear
2022-06-25,0.8098001566486807,bear
2022-06-26,0.8098001566486807,bear
2022-06-27,0.8098001566486807,bear
2022-06-28,0.8098001566486807,bear
2022-06-29,0.8098001566486807,bear
2022-06-30,0.8098001566486807,bear
2022-07-01,0.8098001566486807,bear
2022-07-02,0.8098001566486807,bear
2022-07-03,0.8098001566486807,bear
2022-07-04,0.8098001566486807,bear
2022-07-05,0.8098001566486807,bear
2022-07-06,0.8098001566486807,bear
2022-07-07,0.8098001566486807,bear
2022-07-08,0.8098001566486807,bear
2022-07-09,0.8098001566486807,bear
2022-07-10,0.8098001566486807,bear
2022-07-11,0.8098001566486807,bear
2022-07-12,0.8098001566486807,bear
2022-07-13,0.8098001566486807,bear
2022-07-14,0.8098001566486807,bear
2022-07-15,0.8098001566486807,bear
2022-07-16,0.8098001566486807,bear
2022-07-17,0.8098001566486807,bear
2022-07-18,0.8098001566486807,bear
2022-07-19,0.8098001566486807,bear
2022-07-20,0.8098001566486807,bear
2022-07-21,0.8098001566486807,bear
2022-07-22,0.8098001566486807,bear
2022-07-23,0.8098001566486807,bear
2022-07-24,0.8098001566486807,bear
2022-07-25,0.8098001566486807,bear
2022-07-26,0.8098001566486807,bear
2022-07-27,0.8098001566486807,bear
2022-07-28,0.8098001566486807,bear
2022-07-29,0.8098001566486807,bear
2022-07-30,0.8098001566486807,bear
2022-07-31,0.8098001566486807,bear
2022-08-01,0.8098001566486807,bear
2022-08-02,0.8098001566486807,bear
2022-08-03,0.8098001566486807,bear
2022-08-04,0.8098001566486807,bear
2022-08-05,0.8098001566486807,bear
2022-08-06,0.8098001566486807,bear
2022-08-07,0.8098001566486807,bear
2022-08-08,0.8098001566486807,bear
2022-08-09,0.8098001566486807,bear
2022-08-10,0.8098001566486807,bear
2022-08-11,0.8098001566486807,bear
2022-08-12,0.8098001566486807,bear
2022-08-13,0.8098001566486807,bear
2022-08-14,0.8098001566486807,bear
2022-08-15,0.8098001566486807,bear
2022-08-16,0.8098001566486807,bear
2022-08-17,0.8098001566486807,bear
2022-08-18,0.8098001566486807,bear
2022-08-19,0.8098001566486807,bear
2022-08-20,0.8098001566486807,bear
2022-08-21,0.8098001566486807,bear
2022-08-22,0.8098001566486807,bear
2022-08-23,0.8098001566486807,bear
2022-08-24,0.8098001566486807,bear
2022-08-25,0.8098001566486807,bear
2022-08-26,0.8098001566486807,bear
2022-08-27,0.8098001566486807,bear
2022-08-28,0.8098001566486807,bear
2022-08-29,0.8098001566486807,bear
2022-08-30,0.8098001566486807,bear
2022-08-31,0.8098001566486807,bear
2022-09-01,0.8098001566486807,bear
2022-09-02,0.8098001566486807,bear
2022-09-03,0.8098001566486807,bear
2022-09-04,0.8098001566486807,bear
2022-09-05,0.8098001566486807,bear
2022-09-06,0.8098001566486807,bear
2022-09-07,0.8098001566486807,bear
2022-09-08,0.8098001566486807,bear
2022-09-09,0.8098001566486807,bear
2022-09-10,0.8098001566486807,bear
2022-09-11,0.8098001566486807,bear
2022-09-12,0.8098001566486807,chop
2022-09-13,0.8098001566486807,bear
2022-09-14,0.8098001566486807,bear
2022-09-15,0.8098001566486807,bear
2022-09-16,0.8098001566486807,bear
2022-09-17,0.8098001566486807,bear
2022-09-18,0.8098001566486807,bear
2022-09-19,0.8098001566486807,bear
2022-09-20,0.8098001566486807,bear
2022-09-21,0.8098001566486807,bear
2022-09-22,0.8098001566486807,bear
2022-09-23,0.8098001566486807,bear
2022-09-24,0.8098001566486807,bear
2022-09-25,0.8098001566486807,bear
2022-09-26,0.8098001566486807,bear
2022-09-27,0.8098001566486807,bear
2022-09-28,0.8098001566486807,bear
2022-09-29,0.8098001566486807,bear
2022-09-30,0.8098001566486807,bear
2022-10-01,0.8098001566486807,bear
2022-10-02,0.8098001566486807,bear
2022-10-03,0.8098001566486807,bear
2022-10-04,0.8098001566486807,bear
2022-10-05,0.8098001566486807,bear
2022-10-06,0.8098001566486807,bear
2022-10-07,0.8098001566486807,bear
2022-10-08,0.8098001566486807,bear
2022-10-09,0.8098001566486807,bear
2022-10-10,0.8098001566486807,bear
2022-10-11,0.8098001566486807,bear
2022-10-12,0.8098001566486807,bear
2022-10-13,0.8098001566486807,bear
2022-10-14,0.8098001566486807,bear
2022-10-15,0.8098001566486807,bear
2022-10-16,0.8098001566486807,bear
2022-10-17,0.8098001566486807,bear
2022-10-18,0.8098001566486807,bear
2022-10-19,0.8098001566486807,bear
2022-10-20,0.8098001566486807,bear
2022-10-21,0.8098001566486807,bear
2022-10-22,0.8098001566486807,bear
2022-10-23,0.8098001566486807,bear
2022-10-24,0.8098001566486807,bear
2022-10-25,0.8098001566486807,bear
2022-10-26,0.8098001566486807,bear
2022-10-27,0.8098001566486807,bear
2022-10-28,0.8098001566486807,bear
2022-10-29,0.8098001566486807,bear
2022-10-30,0.8098001566486807,bear
2022-10-31,0.8098001566486807,bear
2022-11-01,0.8098001566486807,bear
2022-11-02,0.8098001566486807,bear
2022-11-03,0.8098001566486807,bear
2022-11-04,0.8098001566486807,chop
2022-11-05,0.8098001566486807,chop
2022-11-06,0.8098001566486807,chop
2022-11-07,0.8098001566486807,bear
2022-11-08,0.8098001566486807,bear
2022-11-09,0.8098001566486807,bear
2022-11-10,0.8098001566486807,bear
2022-11-11,0.8098001566486807,bear
2022-11-12,0.8098001566486807,bear
2022-11-13,0.8098001566486807,bear
2022-11-14,0.8098001566486807,bear
2022-11-15,0.8098001566486807,bear
2022-11-16,0.8098001566486807,bear
2022-11-17,0.8098001566486807,bear
2022-11-18,0.8098001566486807,bear
2022-11-19,0.8098001566486807,bear
2022-11-20,0.8098001566486807,bear
2022-11-21,0.8098001566486807,bear
2022-11-22,0.8098001566486807,bear
2022-11-23,0.8098001566486807,bear
2022-11-24,0.8098001566486807,bear
2022-11-25,0.8098001566486807,bear
2022-11-26,0.8098001566486807,bear
2022-11-27,0.8098001566486807,bear
2022-11-28,0.8098001566486807,bear
2022-11-29,0.8098001566486807,bear
2022-11-30,0.8098001566486807,bear
2022-12-01,0.8098001566486807,bear
2022-12-02,0.8098001566486807,bear
2022-12-03,0.8098001566486807,bear
2022-12-04,0.8098001566486807,bear
2022-12-05,0.8098001566486807,bear
2022-12-06,0.8098001566486807,bear
2022-12-07,0.8098001566486807,bear
2022-12-08,0.8098001566486807,bear
2022-12-09,0.8098001566486807,bear
2022-12-10,0.8098001566486807,bear
2022-12-11,0.8098001566486807,bear
2022-12-12,0.8098001566486807,bear
2022-12-13,0.8098001566486807,bear
2022-12-14,0.8098001566486807,bear
2022-12-15,0.8098001566486807,bear
2022-12-16,0.8098001566486807,bear
2022-12-17,0.8098001566486807,bear
2022-12-18,0.8098001566486807,bear
2022-12-19,0.8098001566486807,bear
2022-12-20,0.8098001566486807,bear
2022-12-21,0.8098001566486807,bear
2022-12-22,0.8098001566486807,bear
2022-12-23,0.8098001566486807,bear
2022-12-24,0.8098001566486807,bear
2022-12-25,0.8098001566486807,bear
2022-12-26,0.8098001566486807,bear
2022-12-27,0.8098001566486807,bear
2022-12-28,0.8098001566486807,bear
2022-12-29,0.8098001566486807,bear
2022-12-30,0.8098001566486807,bear
2022-12-31,0.8098001566486807,bear
2023-01-01,0.8098001566486807,bear
2023-01-02,0.8098001566486807,bear
2023-01-03,0.8098001566486807,bear
2023-01-04,0.8098001566486807,bear
2023-01-05,0.8098001566486807,bear
2023-01-06,0.8098001566486807,bear
2023-01-07,0.8098001566486807,bear
2023-01-08,0.8098001566486807,bear
2023-01-09,0.8098001566486807,bear
2023-01-10,0.8098001566486807,bear
2023-01-11,0.8098001566486807,chop
2023-01-12,0.8212454897856271,chop
2023-01-13,0.8424719582214972,chop
2023-01-14,0.8729775529293226,chop
2023-01-15,0.8652801753247462,chop
2023-01-16,0.8684849410069122,chop
2023-01-17,0.8675929322017399,chop
2023-01-18,0.840252465586821,chop
2023-01-19,0.8562719236138802,chop
2023-01-20,0.9012235032041573,chop
2023-01-21,0.8898348611144483,chop
2023-01-22,0.8937656186421838,chop
2023-01-23,0.9028655518146382,bull
2023-01-24,0.8792101493991997,bull
2023-01-25,0.8995262569833589,bull
2023-01-26,0.9078494653360851,bull
2023-01-27,0.9167143476133481,bull
2023-01-28,0.9110099426367388,bull
2023-01-29,0.9354205632966147,bull
2023-01-30,0.9002089272747382,bull
2023-01-31,0.9172690960766475,bull
2023-02-01,0.9416975074400437,bull
2023-02-02,0.9353358236256579,bull
2023-02-03,0.9494009653888802,bull
2023-02-04,0.94635835610726,bull
2023-02-05,0.9280931733398952,bull
2023-02-06,0.9213129889684915,bull
2023-02-07,0.9497388758726472,bull
2023-02-08,0.937500005262865,bull
2023-02-09,0.897411280250808,bull
2023-02-10,0.88980111812526,bull
2023-02-11,0.9009634317810652,bull
2023-02-12,0.8939858929053788,bull
2023-02-13,0.8876617067404946,bull
2023-02-14,0.9120317041620583,bull
2023-02-15,0.9570802944026477,bull
2023-02-16,0.9361388986916273,bull
2023-02-17,0.9670223862814725,bull
2023-02-18,0.967624371723876,bull
2023-02-19,0.9527964860860744,bull
2023-02-20,0.9562907304219787,bull
2023-02-21,0.9399477766182619,bull
2023-02-22,0.9424234358972925,bull
2023-02-23,0.9397789658312624,bull
2023-02-24,0.9246226233740545,bull
2023-02-25,0.92103786733508,bull
2023-02-26,0.9341114202597603,bull
2023-02-27,0.9300792844560521,bull
2023-02-28,0.9179414068338521,bull
2023-03-01,0.933664664429649,bull
2023-03-02,0.9265020056799705,bull
2023-03-03,0.9052509860885041,bull
2023-03-04,0.8952904902632758,bull
2023-03-05,0.8983590888145627,bull
2023-03-06,0.8976213365584349,bull
2023-03-07,0.8933924585000529,bull
2023-03-08,0.8769937030499304,bull
2023-03-09,0.8579321662002617,bull
2023-03-10,0.853183505857648,chop
2023-03-11,0.8488660569610207,bull
2023-03-12,0.8830817412853977,bull
2023-03-13,0.9098423735434679,bull
2023-03-14,0.9204207241527221,bull
2023-03-15,0.8921601599670317,bull
2023-03-16,0.9012711001487763,bull
2023-03-17,0.9369633235392233,bull
2023-03-18,0.9237748850115514,bull
2023-03-19,0.9322083886297863,bull
2023-03-20,0.911965136469818,bull
2023-03-21,0.9264924785603816,bull
2023-03-22,0.9230317796777397,bull
2023-03-23,0.9365347122681934,bull
2023-03-24,0.9184111308044783,bull
2023-03-25,0.9095589629328632,bull
2023-03-26,0.9191811706579196,bull
2023-03-27,0.9016645057142477,bull
2023-03-28,0.9113560191640839,bull
2023-03-29,0.9227418680790507,bull
2023-03-30,0.917603494003585,bull
2023-03-31,0.9252976503067254,bull
2023-04-01,0.9260211928751658,bull
2023-04-02,0.9227537924110004,bull
2023-04-03,0.9207572194184566,bull
2023-04-04,0.9277834576844984,bull
2023-04-05,0.9319469386971669,bull
2023-04-06,0.926817726894007,bull
2023-04-07,0.9243104779922734,bull
2023-04-08,0.919389093406076,bull
2023-04-09,0.9217381695746876,bull
2023-04-10,0.9347849700311505,bull
2023-04-11,0.9394809635200663,bull
2023-04-12,0.9397804010337119,bull
2023-04-13,0.9545580527182598,bull
2023-04-14,0.9664269113999379,bull
2023-04-15,0.9623560837503924,bull
2023-04-16,0.9684957520295526,bull
2023-04-17,0.9583847875217562,bull
2023-04-18,0.9681355031357421,bull
2023-04-19,0.9347393557120333,bull
2023-04-20,0.9268647928932321,bull
2023-04-21,0.9071727989242174,bull
2023-04-22,0.9152719361923659,bull
2023-04-23,0.9101802462124874,bull
2023-04-24,0.9084446341319867,bull
2023-04-25,0.9158623123335271,bull
2023-04-26,0.9095823719743417,bull
2023-04-27,0.9211813168236114,bull
2023-04-28,0.9113081745733183,bull
2023-04-29,0.9148181004049176,bull
2023-04-30,0.910550691912015,bull
2023-05-01,0.8926693133129693,bull
2023-05-02,0.8964670319070791,bull
2023-05-03,0.9059054418804442,bull
2023-05-04,0.8912119456299334,bull
2023-05-05,0.9053366648912168,bull
2023-05-06,0.8781855675856337,bull
2023-05-07,0.8726417349300791,bull
2023-05-08,0.8421413822727817,bull
2023-05-09,0.8402939702078438,bull
2023-05-10,0.8523042894669002,bull
2023-05-11,0.8280939472387174,bull
2023-05-12,0.8373709413657761,bull
2023-05-13,0.8335018956223286,bull
2023-05-14,0.8401712954382684,bull
2023-05-15,0.8453535015841402,bull
2023-05-16,0.8469530186661872,bull
2023-05-17,0.8557954230027134,bull
2023-05-18,0.8451745298741107,bull
2023-05-19,0.8480553499663038,bull
2023-05-20,0.8504107616596221,bull
2023-05-21,0.836588833916158,bull
2023-05-22,0.8391271192825016,bull
2023-05-23,0.8487644671431637,bull
2023-05-24,0.8267669842627684,chop
2023-05-25,0.8256377741462668,chop
2023-05-26,0.832317951634285,bull
2023-05-27,0.8393659120259921,bull
2023-05-28,0.8624522669869041,bull
2023-05-29,0.8604040928818439,bull
2023-05-30,0.8675303270280016,bull
2023-05-31,0.8567039911240213,bull
2023-06-01,0.8505861550346745,chop
2023-06-02,0.8710657910047093,bull
2023-06-03,0.8674747268628751,bull
2023-06-04,0.8744912374455098,bull
2023-06-05,0.8332420399022987,chop
2023-06-06,0.8520378200166141,bull
2023-06-07,0.823373278723764,chop
2023-06-08,0.8197871744531043,chop
2023-06-09,0.8197871744531043,chop
2023-06-10,0.8197871744531043,chop
2023-06-11,0.8197871744531043,chop
2023-06-12,0.8197871744531043,chop
2023-06-13,0.8197871744531043,chop
2023-06-14,0.8197871744531043,chop
2023-06-15,0.8197871744531043,chop
2023-06-16,0.8197871744531043,chop
2023-06-17,0.8197871744531043,chop
2023-06-18,0.8197871744531043,chop
2023-06-19,0.8197871744531043,chop
2023-06-20,0.8197871744531043,bull
2023-06-21,0.8197871744531043,bull
2023-06-22,0.8197871744531043,bull
2023-06-23,0.8197871744531043,bull
2023-06-24,0.8197871744531043,bull
2023-06-25,0.8197871744531043,bull
2023-06-26,0.8197871744531043,bull
2023-06-27,0.8197871744531043,bull
2023-06-28,0.8197871744531043,bull
2023-06-29,0.8197871744531043,bull
2023-06-30,0.8197871744531043,bull
2023-07-01,0.8197871744531043,bull
2023-07-02,0.8197871744531043,bull
2023-07-03,0.8197871744531043,bull
2023-07-04,0.8197871744531043,bull
2023-07-05,0.8197871744531043,bull
2023-07-06,0.8197871744531043,bull
2023-07-07,0.8197871744531043,bull
2023-07-08,0.8197871744531043,bull
2023-07-09,0.8197871744531043,bull
2023-07-10,0.8197871744531043,bull
2023-07-11,0.8161168579157724,bull
2023-07-12,0.8124031987676433,bull
2023-07-13,0.9401488564829517,bull
2023-07-14,0.8986128884926925,bull
2023-07-15,0.9052666534908462,bull
2023-07-16,0.9064999965418917,bull
2023-07-17,0.900676830928972,bull
2023-07-18,0.9013375523039837,bull
2023-07-19,0.917146430350511,bull
2023-07-20,0.9085532663512847,bull
2023-07-21,0.910184026837714,bull
2023-07-22,0.8885664196389406,bull
2023-07-23,0.8974046046513257,bull
2023-07-24,0.8768438042711173,bull
2023-07-25,0.8937949411162646,bull
2023-07-26,0.8971660801977808,bull
2023-07-27,0.8948167385341191,bull
2023-07-28,0.8940174682370158,bull
2023-07-29,0.9035318266308084,bull
2023-07-30,0.894066729123437,bull
2023-07-31,0.8874098990467516,bull
2023-08-01,0.8885106371407164,bull
2023-08-02,0.8647430113144737,bull
2023-08-03,0.8568429338022532,bull
2023-08-04,0.8546788207292262,bull
2023-08-05,0.8547240420770135,bull
2023-08-06,0.8526660976456959,bull
2023-08-07,0.8605653095853804,bull
2023-08-08,0.8732970310420729,bull
2023-08-09,0.8736960686506299,bull
2023-08-10,0.8685900454937775,bull
2023-08-11,0.866028130980436,bull
2023-08-12,0.865790385439282,bull
2023-08-13,0.8607385638974501,bull
2023-08-14,0.8667618488786352,bull
2023-08-15,0.8516632150814526,bull
2023-08-16,0.8282580754407547,bull
2023-08-17,0.7730109813044443,chop
2023-08-18,0.7692692585283105,chop
2023-08-19,0.7740025946401817,chop
2023-08-20,0.7784916178978016,chop
2023-08-21,0.7712121595605745,chop
2023-08-22,0.7658367952729191,chop
2023-08-23,0.7658367952729191,bear
2023-08-24,0.7658367952729191,bear
2023-08-25,0.7658367952729191,bear
2023-08-26,0.7658367952729191,bear
2023-08-27,0.7658367952729191,bear
2023-08-28,0.7658367952729191,bear
2023-08-29,0.7658367952729191,bear
2023-08-30,0.7658367952729191,bear
2023-08-31,0.7658367952729191,bear
2023-09-01,0.7658367952729191,bear
2023-09-02,0.7658367952729191,bear
2023-09-03,0.7658367952729191,bear
2023-09-04,0.7658367952729191,bear
2023-09-05,0.7658367952729191,bear
2023-09-06,0.7658367952729191,bear
2023-09-07,0.7658367952729191,bear
2023-09-08,0.7658367952729191,bear
2023-09-09,0.7658367952729191,bear
2023-09-10,0.7658367952729191,bear
2023-09-11,0.7658367952729191,bear
2023-09-12,0.7658367952729191,bear
2023-09-13,0.7658367952729191,bear
2023-09-14,0.7658367952729191,bear
2023-09-15,0.7658367952729191,bear
2023-09-16,0.7658367952729191,bear
2023-09-17,0.7658367952729191,bear
2023-09-18,0.7658367952729191,bear
2023-09-19,0.7658367952729191,bear
2023-09-20,0.7658367952729191,bear
2023-09-21,0.7658367952729191,bear
2023-09-22,0.7658367952729191,bear
2023-09-23,0.7658367952729191,bear
2023-09-24,0.7658367952729191,bear
2023-09-25,0.7658367952729191,bear
2023-09-26,0.7658367952729191,bear
2023-09-27,0.7658367952729191,bear
2023-09-28,0.7658367952729191,bear
2023-09-29,0.7658367952729191,bear
2023-09-30,0.7658367952729191,bear
2023-10-01,0.7658367952729191,bear
2023-10-02,0.7658367952729191,bear
2023-10-03,0.7658367952729191,bear
2023-10-04,0.7658367952729191,bear
2023-10-05,0.7658367952729191,bear
2023-10-06,0.7658367952729191,bear
2023-10-07,0.7658367952729191,bear
2023-10-08,0.7658367952729191,bear
2023-10-09,0.7658367952729191,bear
2023-10-10,0.7658367952729191,bear
2023-10-11,0.7658367952729191,bear
2023-10-12,0.7658367952729191,bear
2023-10-13,0.7658367952729191,bear
2023-10-14,0.7658367952729191,bear
2023-10-15,0.7658367952729191,bear
2023-10-16,0.7658367952729191,chop
2023-10-17,0.7658367952729191,chop
2023-10-18,0.7658367952729191,chop
2023-10-19,0.7658367952729191,chop
2023-10-20,0.7658367952729191,chop
2023-10-21,0.7658367952729191,chop
2023-10-22,0.7658367952729191,chop
2023-10-23,0.7658367952729191,chop
2023-10-24,0.758048362684462,chop
2023-10-25,0.7717965224074028,chop
2023-10-26,0.7762806396765063,chop
2023-10-27,0.7656286877864842,chop
2023-10-28,0.771586515655247,chop
2023-10-29,0.7788416828058773,chop
2023-10-30,0.7946572630155041,bull
2023-10-31,0.8097285855852775,bull
2023-11-01,0.8267849660745882,bull
2023-11-02,0.8112865987069762,bull
2023-11-03,0.8205311479792093,bull
2023-11-04,0.8314638667202615,bull
2023-11-05,0.8437340763720315,bull
2023-11-06,0.8730233560837345,bull
2023-11-07,0.860463809720112,bull
2023-11-08,0.8761921579875696,bull
2023-11-09,0.8853376416588864,bull
2023-11-10,0.9267687172383469,bull
2023-11-11,0.9512273141118951,bull
2023-11-12,0.9560246186773058,bull
2023-11-13,0.9250716935213213,bull
2023-11-14,0.9166932812330353,bull
2023-11-15,0.9545976214885591,bull
2023-11-16,0.929183562824371,bull
2023-11-17,0.9404974704288463,bull
2023-11-18,0.9311303638788468,bull
2023-11-19,0.9430800827270145,bull
2023-11-20,0.9274226066270962,bull
2023-11-21,0.8891698202417958,bull
2023-11-22,0.9261284358534203,bull
2023-11-23,0.9265502036102273,bull
2023-11-24,0.9290677164686494,bull
2023-11-25,0.936176575707226,bull
2023-11-26,0.9286273883341867,bull
2023-11-27,0.9205531172554117,bull
2023-11-28,0.9352533780506623,bull
2023-11-29,0.9380913041383736,bull
2023-11-30,0.939802689349156,bull
2023-12-01,0.9510347525189843,bull
2023-12-02,0.9723498707112369,bull
2023-12-03,0.9706983679848824,bull
2023-12-04,0.983669085549581,bull
2023-12-05,0.9934395206805756,bull
2023-12-06,0.9948767108233081,bull
2023-12-07,1.0042124424294168,bull
2023-12-08,1.0353084677847277,bull
2023-12-09,1.037447508537064,bull
2023-12-10,1.053069783884548,bull
2023-12-11,1.0232847471589457,bull
2023-12-12,1.0259576897280638,bull
2023-12-13,1.0499490751331133,bull
2023-12-14,1.0526341862489865,bull
2023-12-15,1.0333801457763343,bull
2023-12-16,1.0429915722207206,bull
2023-12-17,1.0284039927539868,bull
2023-12-18,1.0516772480263148,bull
2023-12-19,1.0372053401627583,bull
2023-12-20,1.0677966215694468,bull
2023-12-21,1.0897172845435696,bull
2023-12-22,1.1076475552784688,bull
2023-12-23,1.1240876638030208,bull
2023-12-24,1.12524279213002,bull
2023-12-25,1.136168018275422,bull
2023-12-26,1.1115765383996192,bull
2023-12-27,1.128453173137002,bull
2023-12-28,1.1014014761491768,bull
2023-12-29,1.1063622436026253,bull
2023-12-30,1.0956304968666757,bull
2023-12-31,1.0927618624531554,bull
2024-01-01,1.1254015217876268,bull
2024-01-02,1.1137284335651123,bull
2024-01-03,1.0779930087544425,bull
2024-01-04,1.1021223961765192,bull
2024-01-05,1.0851608944988975,bull
2024-01-06,1.0692100454164644,bull
2024-01-07,1.0568972704156496,bull
2024-01-08,1.0886761698502487,bull
2024-01-09,1.0746808016233989,bull
2024-01-10,1.099396015858043,bull
2024-01-11,1.0978349974136532,bull
2024-01-12,1.0693251238474888,bull
2024-01-13,1.0756810966781165,bull
2024-01-14,1.0664865961928893,bull
2024-01-15,1.078703393813757,bull
2024-01-16,1.0806520887786994,bull
2024-01-17,1.0853909338963235,bull
2024-01-18,1.0600771663115225,bull
2024-01-19,1.0640587548118476,bull
2024-01-20,1.0613883934124921,bull
2024-01-21,1.056159879469982,bull
2024-01-22,1.0323440277612903,bull
2024-01-23,1.0344729228115486,bull
2024-01-24,1.0378816147224292,bull
2024-01-25,1.0303320480931981,bull
2024-01-26,1.0492441007822844,bull
2024-01-27,1.052912390713458,bull
2024-01-28,1.0528569242794552,bull
2024-01-29,1.0764788392402098,bull
2024-01-30,1.0722029528806172,bull
2024-01-31,1.0563893185644437,bull
2024-02-01,1.0690951821163581,bull
2024-02-02,1.08203635055423,bull
2024-02-03,1.0744193972591327,bull
2024-02-04,1.0743874181679705,bull
2024-02-05,1.0801327050454514,bull
2024-02-06,1.0749610656017934,bull
2024-02-07,1.0910094209964354,bull
2024-02-08,1.0975444992089176,bull
2024-02-09,1.126075707693583,bull
2024-02-10,1.1353467273768707,bull
2024-02-11,1.137284997428571,bull
2024-02-12,1.159174386961324,bull
2024-02-13,1.153571892216959,bull
2024-02-14,1.1839556421632085,bull
2024-02-15,1.1901595541119343,bull
2024-02-16,1.1847306209315693,bull
2024-02-17,1.1779431031441254,bull
2024-02-18,1.1870426270026646,bull
2024-02-19,1.1802961054211147,bull
2024-02-20,1.1711430741951374,bull
2024-02-21,1.1544405512950948,bull
2024-02-22,1.1423309830219537,bull
2024-02-23,1.1296064594210946,bull
2024-02-24,1.1481850144727161,bull
2024-02-25,1.1496867355655556,bull
2024-02-26,1.175878305431053,bull
2024-02-27,1.1868089959730395,bull
2024-02-28,1.2174314903262249,bull
2024-02-29,1.2194606228181848,bull
2024-03-01,1.250038092063538,bull
2024-03-02,1.2537474102130883,bull
2024-03-03,1.2423214154200266,bull
2024-03-04,1.2621435520597228,bull
2024-03-05,1.2105130349030702,bull
2024-03-06,1.2417566647963325,bull
2024-03-07,1.2744572101365566,bull
2024-03-08,1.2698690427918344,bull
2024-03-09,1.272839548139531,bull
2024-03-10,1.2690126527481134,bull
2024-03-11,1.2978750929557619,bull
2024-03-12,1.3029206578474917,bull
2024-03-13,1.3249777432362897,bull
2024-03-14,1.3193076260488505,bull
2024-03-15,1.3306214275710468,bull
2024-03-16,1.2876681542314083,bull
2024-03-17,1.3143209331145949,bull
2024-03-18,1.3018292780576104,bull
2024-03-19,1.247033637043234,bull
2024-03-20,1.2961755907680055,bull
2024-03-21,1.2803123319725125,bull
2024-03-22,1.2686685351193676,bull
2024-03-23,1.2701397917651829,bull
2024-03-24,1.2932385244666234,bull
2024-03-25,1.3095311634714988,bull
2024-03-26,1.3085110542108354,bull
2024-03-27,1.302538654665288,bull
2024-03-28,1.3142691798847597,bull
2024-03-29,1.3133869671342642,bull
2024-03-30,1.3066634105432389,bull
2024-03-31,1.3185978029401622,bull
2024-04-01,1.302080565103667,bull
2024-04-02,1.2715430668137788,bull
2024-04-03,1.2715880704092952,bull
2024-04-04,1.2796219847949424,bull
2024-04-05,1.2714911639077058,bull
2024-04-06,1.2796019316614224,bull
2024-04-07,1.2843831656199625,bull
2024-04-08,1.2992177942336725,bull
2024-04-09,1.2848683518000386,bull
2024-04-10,1.2873498412637427,bull
2024-04-11,1.2794160729529287,bull
2024-04-12,1.2397644315465708,bull
2024-04-13,1.2075050616150085,bull
2024-04-14,1.2286042231218328,bull
2024-04-15,1.2128116834699625,bull
2024-04-16,1.2150181531038895,bull
2024-04-17,1.2074829134040488,bull
2024-04-18,1.2188057920617839,bull
2024-04-19,1.2212955087918491,bull
2024-04-20,1.2401866470666167,bull
2024-04-21,1.237075617365101,bull
2024-04-22,1.2561847401789843,bull
2024-04-23,1.2507133710751905,bull
2024-04-24,1.2364069272971103,bull
2024-04-25,1.2378117019296961,bull
2024-04-26,1.2277913222068588,bull
2024-04-27,1.233046378004565,bull
2024-04-28,1.2307932528869745,bull
2024-04-29,1.225997312109347,bull
2024-04-30,1.1976441169891783,bull
2024-05-01,1.1913220305214482,chop
2024-05-02,1.1932971970089594,chop
2024-05-03,1.2203270250546092,bull
2024-05-04,1.2268640424086383,bull
2024-05-05,1.2339827200343474,bull
2024-05-06,1.2306912681405042,bull
2024-05-07,1.2203331256451213,bull
2024-05-08,1.2096713430150745,bull
2024-05-09,1.2279149061418329,bull
2024-05-10,1.2100034084555509,chop
2024-05-11,1.2089452485919054,chop
2024-05-12,1.206303830607644,chop
2024-05-13,1.206303830607644,bull
2024-05-14,1.206303830607644,chop
2024-05-15,1.206303830607644,bull
2024-05-16,1.206303830607644,bull
2024-05-17,1.206303830607644,bull
2024-05-18,1.206303830607644,bull
2024-05-19,1.206303830607644,bull
2024-05-20,1.206303830607644,bull
2024-05-21,1.206303830607644,bull
2024-05-22,1.206303830607644,bull
2024-05-23,1.206303830607644,bull
2024-05-24,1.206303830607644,bull
2024-05-25,1.206303830607644,bull
2024-05-26,1.206303830607644,bull
2024-05-27,1.206303830607644,bull
2024-05-28,1.206303830607644,bull
2024-05-29,1.206303830607644,bull
2024-05-30,1.206303830607644,bull
2024-05-31,1.206303830607644,bull
2024-06-01,1.206303830607644,bull
2024-06-02,1.1992973871840036,bull
2024-06-03,1.2105763055048187,bull
2024-06-04,1.236774047098978,bull
2024-06-05,1.2438207054844734,bull
2024-06-06,1.2369954163409052,bull
2024-06-07,1.2029902729342272,bull
2024-06-08,1.1927019854101464,bull
2024-06-09,1.195618270040219,bull
2024-06-10,1.1768789411081717,bull
2024-06-11,1.1511387265871038,bull
2024-06-12,1.169403857166039,bull
2024-06-13,1.1483034302996373,bull
2024-06-14,1.1395919946160789,chop
2024-06-15,1.1440884417464796,chop
2024-06-16,1.1503462943457319,chop
2024-06-17,1.1259215521131425,chop
2024-06-18,1.1064424831194029,chop
2024-06-19,1.1120946206231206,chop
2024-06-20,1.1121141994845294,chop
2024-06-21,1.1150632274127175,chop
2024-06-22,1.11355521481157,chop
2024-06-23,1.1053751023269267,chop
2024-06-24,1.1031794163399005,chop
2024-06-25,1.1121657020663627,bear
2024-06-26,1.103431577352202,bear
2024-06-27,1.1147581990417288,bear
2024-06-28,1.098125615055221,bear
2024-06-29,1.098685294362909,bear
2024-06-30,1.1154849607667747,bear
2024-07-01,1.112563295561414,bear
2024-07-02,1.118707283685451,bear
2024-07-03,1.0894155715665816,bear
2024-07-04,1.0518302547533516,bear
2024-07-05,1.0496241587236204,bear
2024-07-06,1.0496241587236204,bear
2024-07-07,1.0496241587236204,bear
2024-07-08,1.0496241587236204,bear
2024-07-09,1.0496241587236204,bear
2024-07-10,1.0496241587236204,bear
2024-07-11,1.0496241587236204,bear
2024-07-12,1.0496241587236204,bear
2024-07-13,1.0496241587236204,bear
2024-07-14,1.0496241587236204,bear
2024-07-15,1.0496241587236204,chop
2024-07-16,1.0496241587236204,chop
2024-07-17,1.0496241587236204,bear
2024-07-18,1.0496241587236204,bear
2024-07-19,1.0496241587236204,chop
2024-07-20,1.0496241587236204,chop
2024-07-21,1.0496241587236204,chop
2024-07-22,1.0496241587236204,chop
2024-07-23,1.0496241587236204,chop
2024-07-24,1.0496241587236204,chop
2024-07-25,1.0496241587236204,chop
2024-07-26,1.064618232602255,chop
2024-07-27,1.0617596042659811,chop
2024-07-28,1.06288054433651,chop
2024-07-29,1.056750099584305,chop
2024-07-30,1.050819183292347,chop
2024-07-31,1.0357090651925172,chop
2024-08-01,1.0305104802111318,chop
2024-08-02,0.9965084836455974,bear
2024-08-03,0.9868794187794405,bear
2024-08-04,0.9665896255963702,bear
2024-08-05,0.9295073553800042,bear
2024-08-06,0.9459984803941824,bear
2024-08-07,0.9492142801441116,bear
2024-08-08,0.9910763473383403,bear
2024-08-09,0.9813731199818323,bear
2024-08-10,0.9856933776471927,bear
2024-08-11,0.9663398177143424,bear
2024-08-12,0.9801094573116582,bear
2024-08-13,0.9863021357646302,bear
2024-08-14,0.9799307138223987,bear
2024-08-15,0.9720123754681429,bear
2024-08-16,0.9685343005364807,bear
2024-08-17,0.9685343005364807,bear
2024-08-18,0.9685343005364807,bear
2024-08-19,0.9685343005364807,bear
2024-08-20,0.9685343005364807,bear
2024-08-21,0.9685343005364807,bear
2024-08-22,0.9685343005364807,bear
2024-08-23,0.9685343005364807,chop
2024-08-24,0.9685343005364807,chop
2024-08-25,0.9685343005364807,chop
2024-08-26,0.9685343005364807,bear
2024-08-27,0.9685343005364807,bear
2024-08-28,0.9685343005364807,bear
2024-08-29,0.9685343005364807,bear
2024-08-30,0.9685343005364807,bear
2024-08-31,0.9685343005364807,bear
2024-09-01,0.9685343005364807,bear
2024-09-02,0.9685343005364807,bear
2024-09-03,0.9685343005364807,bear
2024-09-04,0.9685343005364807,bear
2024-09-05,0.9685343005364807,bear
2024-09-06,0.9685343005364807,bear
2024-09-07,0.9685343005364807,bear
2024-09-08,0.9685343005364807,bear
2024-09-09,0.9685343005364807,bear
2024-09-10,0.9685343005364807,bear
2024-09-11,0.9685343005364807,bear
2024-09-12,0.9685343005364807,bear
2024-09-13,0.9685343005364807,bear
2024-09-14,0.9685343005364807,bear
2024-09-15,0.9685343005364807,bear
2024-09-16,0.9685343005364807,bear
2024-09-17,0.9685343005364807,bear
2024-09-18,0.9685343005364807,chop
2024-09-19,0.9685343005364807,chop
2024-09-20,0.9685343005364807,chop
2024-09-21,0.9685343005364807,chop
2024-09-22,0.9685343005364807,chop
2024-09-23,0.9685343005364807,chop
2024-09-24,0.9685343005364807,chop
2024-09-25,0.9685343005364807,chop
2024-09-26,0.9685343005364807,chop
2024-09-27,0.97128822121888,chop
2024-09-28,0.972209792686494,chop
2024-09-29,0.9814720460219669,chop
2024-09-30,0.9595742971414891,chop
2024-10-01,0.9320542074163735,bear
2024-10-02,0.9164876452085889,bear
2024-10-03,0.9091912062514207,bear
2024-10-04,0.9266271860903144,chop
2024-10-05,0.918921604136474,chop
2024-10-06,0.933391595980513,chop
2024-10-07,0.9362208127958241,chop
2024-10-08,0.94598200237446,chop
2024-10-09,0.931390707342896,bear
2024-10-10,0.9243648891926198,bear
2024-10-11,0.9500007587097241,chop
2024-10-12,0.9689288832249706,chop
2024-10-13,0.9673716293109282,bull
2024-10-14,0.9880220468345936,bull
2024-10-15,0.9787153195373124,bull
2024-10-16,0.983957603056271,bull
2024-10-17,0.973206812369892,bull
2024-10-18,0.976436624431977,bull
2024-10-19,0.9731635108817729,bull
2024-10-20,0.9881984229166292,bull
2024-10-21,0.977151191591684,bull
2024-10-22,0.9777340510720304,bull
2024-10-23,0.9722116806435861,bull
2024-10-24,0.9783196342476541,bull
2024-10-25,0.9423810265852519,bull
2024-10-26,0.9532129545492241,bull
2024-10-27,0.9610325774394849,bull
2024-10-28,0.9702577034445238,bull
2024-10-29,0.9872354834142198,bull
2024-10-30,0.9792318333404837,bull
2024-10-31,0.960538665787487,bull
2024-11-01,0.9584082151616699,bull
2024-11-02,0.9498720204263451,bull
2024-11-03,0.9376059439816058,bull
2024-11-04,0.9192935301819933,bull
2024-11-05,0.9394570478032668,bull
2024-11-06,0.989324077415484,bull
2024-11-07,1.0008416967795426,bull
2024-11-08,1.0002166806216939,bull
2024-11-09,1.0189579545701992,bull
2024-11-10,1.0516432468115313,bull
2024-11-11,1.1097190758605961,bull
2024-11-12,1.122177387468545,bull
2024-11-13,1.1125232344784861,bull
2024-11-14,1.0937478701965042,bull
2024-11-15,1.1327681258284072,bull
2024-11-16,1.1447882189575436,bull
2024-11-17,1.144351643287639,bull
2024-11-18,1.1522386065151475,bull
2024-11-19,1.151709783876137,bull
2024-11-20,1.1385749184253382,bull
2024-11-21,1.1636263265976179,bull
2024-11-22,1.1827656608870787,bull
2024-11-23,1.1995113604028902,bull
2024-11-24,1.2011015258520903,bull
2024-11-25,1.1558029766358768,bull
2024-11-26,1.1601968435737537,bull
2024-11-27,1.1815247716339967,bull
2024-11-28,1.1805707754860877,bull
2024-11-29,1.199679360387667,bull
2024-11-30,1.2002526413215973,bull
2024-12-01,1.2249846038019232,bull
2024-12-02,1.2591784802915336,bull
2024-12-03,1.3442447575540706,bull
2024-12-04,1.2952752730279478,bull
2024-12-05,1.2933562069675433,bull
2024-12-06,1.3208606237906035,bull
2024-12-07,1.3187655102436102,bull
2024-12-08,1.319463138969721,bull
2024-12-09,1.2498139340452328,bull
2024-12-10,1.2564525493935086,bull
2024-12-11,1.2823842164803902,bull
2024-12-12,1.2846874911703976,bull
2024-12-13,1.2940069411526551,bull
2024-12-14,1.2808914588898814,bull
2024-12-15,1.2938144596742531,bull
2024-12-16,1.2894445588667685,bull
2024-12-17,1.2925795261958288,bull
2024-12-18,1.2617055212027848,bull
2024-12-19,1.2403784581095627,bull
2024-12-20,1.253687046011139,bull
2024-12-21,1.24564387598592,bull
2024-12-22,1.2407865323933875,bull
2024-12-23,1.2556955010072925,bull
2024-12-24,1.2651212101401008,bull
2024-12-25,1.2613818774065582,bull
2024-12-26,1.2401271597681665,bull
2024-12-27,1.235687545702034,bull
2024-12-28,1.242757231552505,bull
2024-12-29,1.232875568190955,bull
2024-12-30,1.2328954436921697,bull
2024-12-31,1.2335726602591506,bull
2025-01-01,1.2707957884306669,bull
2025-01-02,1.2852248029417848,bull
2025-01-03,1.3213579739334824,bull
2025-01-04,1.3256846987794015,bull
2025-01-05,1.320099285118014,bull
2025-01-06,1.3275442255863978,bull
2025-01-07,1.284600475721058,bull
2025-01-08,1.2805754437882166,bull
2025-01-09,1.2554452273463002,bull
2025-01-10,1.2756231730106098,bull
2025-01-11,1.292840714746944,bull
2025-01-12,1.279248867371673,bull
2025-01-13,1.2780213466293189,bull
2025-01-14,1.2942711135203087,bull
2025-01-15,1.3443791910843352,bull
2025-01-16,1.346434624906804,bull
2025-01-17,1.3715271017899051,bull
2025-01-18,1.3633606480102436,bull
2025-01-19,1.3144003556400004,bull
2025-01-20,1.326713671556856,bull
2025-01-21,1.3433046694767428,bull
2025-01-22,1.3304151090518297,bull
2025-01-23,1.3260259482076464,bull
2025-01-24,1.3242718421388295,bull
2025-01-25,1.322646020744529,bull
2025-01-26,1.309668467642057,bull
2025-01-27,1.3072291400225282,bull
2025-01-28,1.2946841782813276,bull
2025-01-29,1.3016290366895686,bull
2025-01-30,1.3167477411421578,bull
2025-01-31,1.3110681342757557,bull
2025-02-01,1.2891196493351391,bull
2025-02-02,1.2557577282231518,bull
2025-02-03,1.2737076942942325,bull
2025-02-04,1.2545157688658255,bull
2025-02-05,1.2426712182307533,bull
2025-02-06,1.2331606748699941,bull
2025-02-07,1.23365326460805,bull
2025-02-08,1.235641874278001,bull
2025-02-09,1.2312010568482932,bull
2025-02-10,1.2390238613573237,bull
2025-02-11,1.240398219853004,chop
2025-02-12,1.2387616483838313,bull
2025-02-13,1.2387616483838313,chop
2025-02-14,1.2387616483838313,bull
2025-02-15,1.2387616483838313,bull
2025-02-16,1.2387616483838313,chop
2025-02-17,1.2387616483838313,chop
2025-02-18,1.2387616483838313,chop
2025-02-19,1.2387616483838313,chop
2025-02-20,1.2387616483838313,bull
2025-02-21,1.2387616483838313,chop
2025-02-22,1.2387616483838313,chop
2025-02-23,1.2387616483838313,chop
2025-02-24,1.2387616483838313,chop
2025-02-25,1.2387616483838313,chop
2025-02-26,1.2387616483838313,chop
2025-02-27,1.2387616483838313,chop
2025-02-28,1.2387616483838313,chop
2025-03-01,1.2387616483838313,chop
2025-03-02,1.2387616483838313,chop
2025-03-03,1.2387616483838313,chop
2025-03-04,1.2387616483838313,chop
2025-03-05,1.2387616483838313,chop
2025-03-06,1.2387616483838313,chop
2025-03-07,1.2387616483838313,chop
2025-03-08,1.2387616483838313,bear
2025-03-09,1.2387616483838313,bear
2025-03-10,1.2387616483838313,bear
2025-03-11,1.2387616483838313,bear
2025-03-12,1.2387616483838313,bear
2025-03-13,1.2387616483838313,bear
2025-03-14,1.2387616483838313,bear
2025-03-15,1.2387616483838313,bear
2025-03-16,1.2387616483838313,bear
2025-03-17,1.2387616483838313,bear
2025-03-18,1.2387616483838313,bear
2025-03-19,1.2387616483838313,bear
2025-03-20,1.2387616483838313,bear
2025-03-21,1.2387616483838313,bear
2025-03-22,1.2387616483838313,bear
2025-03-23,1.2387616483838313,bear
2025-03-24,1.2387616483838313,bear
2025-03-25,1.2387616483838313,bear
2025-03-26,1.2387616483838313,bear
2025-03-27,1.2387616483838313,bear
2025-03-28,1.2387616483838313,bear
2025-03-29,1.2387616483838313,bear
2025-03-30,1.2387616483838313,bear
2025-03-31,1.2387616483838313,bear
2025-04-01,1.2387616483838313,bear
2025-04-02,1.2387616483838313,bear
2025-04-03,1.2387616483838313,bear
2025-04-04,1.2387616483838313,bear
2025-04-05,1.2387616483838313,bear
2025-04-06,1.2387616483838313,bear
2025-04-07,1.2387616483838313,bear
2025-04-08,1.2387616483838313,bear
2025-04-09,1.2387616483838313,bear
2025-04-10,1.2387616483838313,bear
2025-04-11,1.2387616483838313,bear
2025-04-12,1.2387616483838313,bear
2025-04-13,1.2387616483838313,bear
2025-04-14,1.2387616483838313,bear
2025-04-15,1.2387616483838313,bear
2025-04-16,1.2387616483838313,bear
2025-04-17,1.2387616483838313,bear
2025-04-18,1.2387616483838313,bear
2025-04-19,1.2387616483838313,bear
2025-04-20,1.2387616483838313,bear
2025-04-21,1.2387616483838313,bear
2025-04-22,1.2387616483838313,chop
2025-04-23,1.2387616483838313,chop
2025-04-24,1.2387616483838313,chop
2025-04-25,1.2387616483838313,chop
2025-04-26,1.2387616483838313,chop
2025-04-27,1.2387616483838313,chop
2025-04-28,1.2387616483838313,chop
2025-04-29,1.2387616483838313,chop
2025-04-30,1.2387616483838313,chop
2025-05-01,1.2387616483838313,chop
2025-05-02,1.2387616483838313,chop
2025-05-03,1.2387616483838313,chop
2025-05-04,1.2387616483838313,chop
2025-05-05,1.2387616483838313,chop
2025-05-06,1.2387616483838313,chop
2025-05-07,1.241109065524338,chop
2025-05-08,1.3153163922219824,chop
2025-05-09,1.325043157098221,chop
2025-05-10,1.3710717793194482,chop
2025-05-11,1.3454922314641355,chop
2025-05-12,1.3560690074939974,chop
2025-05-13,1.3639449567071025,chop
2025-05-14,1.3425359189651946,chop
2025-05-15,1.3205984652623581,chop
2025-05-16,1.3222061892107209,chop
2025-05-17,1.3072367008669918,chop
2025-05-18,1.3285543190821123,chop
2025-05-19,1.3095498112822843,chop
2025-05-20,1.3132827390126403,bull
2025-05-21,1.3276836016709346,bull
2025-05-22,1.357270926394797,bull
2025-05-23,1.3090862351818222,bull
2025-05-24,1.3127079042624215,bull
2025-05-25,1.3209670588928388,bull
2025-05-26,1.319766361395618,bull
2025-05-27,1.3269952627574946,bull
2025-05-28,1.3154331143645712,bull
2025-05-29,1.3008001220043068,bull
2025-05-30,1.2722157312751354,bull
2025-05-31,1.2734755650404108,bull
2025-06-01,1.2819742035092365,bull
2025-06-02,1.287045490279326,bull
2025-06-03,1.2862488385823743,bull
2025-06-04,1.284231451398869,bull
2025-06-05,1.2588271536690319,bull
2025-06-06,1.2751655354007503,bull
2025-06-07,1.2902710490155898,bull
2025-06-08,1.2850916984947494,bull
2025-06-09,1.3181900913701774,bull
2025-06-10,1.3432826527233588,bull
2025-06-11,1.3152797617471141,bull
2025-06-12,1.2733858105506517,bull
2025-06-13,1.2596602304108708,bull
2025-06-14,1.2412493416786783,bull
2025-06-15,1.2504866975968492,bull
2025-06-16,1.2564234710670652,bull
2025-06-17,1.2314850069317895,bull
2025-06-18,1.229932808104625,bull
2025-06-19,1.2288731088677263,bull
2025-06-20,1.2050046222047164,bull
2025-06-21,1.1772223909736321,bull
2025-06-22,1.1505538655575422,bull
2025-06-23,1.2194320997481116,bull
2025-06-24,1.22880148620889,bull
2025-06-25,1.2219352830130559,bull
2025-06-26,1.2058623288124495,bull
2025-06-27,1.218761651463073,bull
2025-06-28,1.2279584790779834,bull
2025-06-29,1.2497497657376866,bull
2025-06-30,1.241452480551485,bull
2025-07-01,1.2228211829740447,bull
2025-07-02,1.2523593001202131,bull
2025-07-03,1.2589232273897681,bull
2025-07-04,1.237604333034993,bull
2025-07-05,1.2419521691186737,bull
2025-07-06,1.2555783408553718,bull
2025-07-07,1.2476371825813755,bull
2025-07-08,1.2565453481926872,bull
2025-07-09,1.2784332005118793,bull
2025-07-10,1.3193375952903317,bull
2025-07-11,1.3252453790787233,bull
2025-07-12,1.3230614358451758,bull
2025-07-13,1.3311184998108374,bull
2025-07-14,1.3460571764675557,bull
2025-07-15,1.3586340693127454,bull
2025-07-16,1.3783721199229206,bull
2025-07-17,1.3910753047952291,bull
2025-07-18,1.3974202039517607,bull
2025-07-19,1.394956935189472,bull
2025-07-20,1.4094839351410184,bull
2025-07-21,1.4092391759527736,bull
2025-07-22,1.4114545953558153,bull
2025-07-23,1.3817562277329638,bull
2025-07-24,1.3831733025924207,bull
2025-07-25,1.3939313995243008,bull
2025-07-26,1.4018948662068438,bull
2025-07-27,1.4172201058106004,bull
2025-07-28,1.3957638211295456,bull
2025-07-29,1.4022091382885193,bull
2025-07-30,1.388370000783107,bull
2025-07-31,1.3679755777677367,bull
2025-08-01,1.3484642452806304,bull
2025-08-02,1.335599567152986,bull
2025-08-03,1.3561154614910922,bull
2025-08-04,1.3800978231012735,bull
2025-08-05,1.3646305497356384,bull
2025-08-06,1.3749464982193347,bull
2025-08-07,1.4061899712737957,bull
2025-08-08,1.4133338644706015,bull
2025-08-09,1.4248347209211956,bull
2025-08-10,1.4297599366108829,bull
2025-08-11,1.4152529460352408,bull
2025-08-12,1.4647394097167803,bull
2025-08-13,1.493757753782331,bull
2025-08-14,1.4480523215252457,bull
2025-08-15,1.4318595075469274,bull
2025-08-16,1.434723268591146,bull
2025-08-17,1.443243338392955,bull
2025-08-18,1.4226479755907437,bull
2025-08-19,1.3839935934596392,bull
2025-08-20,1.4229877920675318,bull
2025-08-21,1.398376603666791,bull
2025-08-22,1.4776254978913497,bull
2025-08-23,1.4640268930315874,bull
2025-08-24,1.4539730890457836,bull
2025-08-25,1.3868642649910738,chop
2025-08-26,1.4233174844945617,bull
2025-08-27,1.4129041902265145,chop
2025-08-28,1.4287645820348602,bull
2025-08-29,1.391607557829343,chop
2025-08-30,1.3925452910016913,chop
2025-08-31,1.3869606196084057,chop
2025-09-01,1.3778850147406523,chop
2025-09-02,1.3778850147406523,chop
2025-09-03,1.3778850147406523,chop
2025-09-04,1.3778850147406523,chop
2025-09-05,1.3778850147406523,chop
2025-09-06,1.3778850147406523,chop
2025-09-07,1.3778850147406523,chop
2025-09-08,1.3778850147406523,bull
2025-09-09,1.3778850147406523,chop
2025-09-10,1.3778850147406523,bull
2025-09-11,1.3778850147406523,bull
2025-09-12,1.3778850147406523,bull
2025-09-13,1.3778850147406523,bull
2025-09-14,1.3778850147406523,bull
2025-09-15,1.3778850147406523,bull
2025-09-16,1.3778850147406523,bull
2025-09-17,1.3778850147406523,bull
2025-09-18,1.3778850147406523,bull
2025-09-19,1.3778850147406523,bull
2025-09-20,1.3778850147406523,bull
2025-09-21,1.3778850147406523,bull
2025-09-22,1.324241332406998,chop
2025-09-23,1.3170816804215648,chop
2025-09-24,1.317970955537255,chop
2025-09-25,1.2534577932260675,chop
2025-09-26,1.279531164129137,chop
2025-09-27,1.2782737487943683,chop
2025-09-28,1.3011421562767445,chop
2025-09-29,1.3131864797394108,bull
2025-09-30,1.2976997496512757,bull
2025-10-01,1.3358166418369801,bull
2025-10-02,1.3674347117073828,bull
2025-10-03,1.3818993353305513,bull
2025-10-04,1.3603517851491067,bull
2025-10-05,1.3652055942681036,bull
2025-10-06,1.3966179389543967,bull
2025-10-07,1.3650515019065053,bull
2025-10-08,1.3856370235452977,bull
2025-10-09,1.3544081814163595,bull
2025-10-10,1.197931112817938,chop
2025-10-11,1.195851762805455,chop
2025-10-12,1.2791902644817634,chop
2025-10-13,1.2721553728524924,chop
2025-10-14,1.2721553728524924,chop
2025-10-15,1.2721553728524924,chop
2025-10-16,1.2721553728524924,chop
2025-10-17,1.2721553728524924,chop
2025-10-18,1.2721553728524924,chop
2025-10-19,1.2721553728524924,chop
2025-10-20,1.2721553728524924,chop
2025-10-21,1.2721553728524924,chop
2025-10-22,1.2721553728524924,chop
2025-10-23,1.2721553728524924,chop
2025-10-24,1.2721553728524924,chop
2025-10-25,1.2721553728524924,chop
2025-10-26,1.2721553728524924,bear
2025-10-27,1.2721553728524924,bear
2025-10-28,1.2721553728524924,bear
2025-10-29,1.2721553728524924,bear
2025-10-30,1.2721553728524924,bear
2025-10-31,1.2721553728524924,bear
2025-11-01,1.2721553728524924,bear
2025-11-02,1.2721553728524924,bear
2025-11-03,1.2721553728524924,bear
2025-11-04,1.2721553728524924,bear
2025-11-05,1.2721553728524924,bear
2025-11-06,1.2721553728524924,bear
2025-11-07,1.2721553728524924,bear
2025-11-08,1.2721553728524924,bear
2025-11-09,1.2721553728524924,bear
2025-11-10,1.2721553728524924,bear
2025-11-11,1.2721553728524924,bear
2025-11-12,1.2721553728524924,bear
2025-11-13,1.2721553728524924,bear
2025-11-14,1.2721553728524924,bear
2025-11-15,1.2721553728524924,bear
2025-11-16,1.2721553728524924,bear
2025-11-17,1.2721553728524924,bear
2025-11-18,1.2721553728524924,bear
2025-11-19,1.2721553728524924,bear
2025-11-20,1.2721553728524924,bear
2025-11-21,1.2721553728524924,bear
2025-11-22,1.2721553728524924,bear
2025-11-23,1.2721553728524924,bear
2025-11-24,1.2721553728524924,bear
2025-11-25,1.2721553728524924,bear
2025-11-26,1.2721553728524924,bear
2025-11-27,1.2721553728524924,bear
2025-11-28,1.2721553728524924,bear
2025-11-29,1.2721553728524924,bear
2025-11-30,1.2721553728524924,bear
2025-12-01,1.2721553728524924,bear
2025-12-02,1.2721553728524924,bear
2025-12-03,1.2721553728524924,bear
2025-12-04,1.2721553728524924,bear
2025-12-05,1.2721553728524924,bear
2025-12-06,1.2721553728524924,bear
2025-12-07,1.2721553728524924,bear
2025-12-08,1.2721553728524924,bear
2025-12-09,1.2721553728524924,bear
2025-12-10,1.2721553728524924,bear
2025-12-11,1.2721553728524924,bear
2025-12-12,1.2721553728524924,bear
2025-12-13,1.2721553728524924,bear
2025-12-14,1.2721553728524924,bear
2025-12-15,1.2721553728524924,bear
2025-12-16,1.2721553728524924,bear
2025-12-17,1.2721553728524924,bear
2025-12-18,1.2721553728524924,bear
2025-12-19,1.2721553728524924,bear
2025-12-20,1.2721553728524924,bear
2025-12-21,1.2721553728524924,bear
2025-12-22,1.2721553728524924,bear
2025-12-23,1.2721553728524924,bear
2025-12-24,1.2721553728524924,bear
2025-12-25,1.2721553728524924,bear
2025-12-26,1.2721553728524924,bear
2025-12-27,1.2721553728524924,bear
2025-12-28,1.2721553728524924,bear
2025-12-29,1.2721553728524924,bear
2025-12-30,1.2721553728524924,bear
2025-12-31,1.2721553728524924,bear
2026-01-01,1.2721553728524924,bear
2026-01-02,1.2721553728524924,bear
2026-01-03,1.2721553728524924,bear
2026-01-04,1.2721553728524924,bear
2026-01-05,1.2721553728524924,bear
2026-01-06,1.2721553728524924,bear
2026-01-07,1.2721553728524924,bear
2026-01-08,1.2721553728524924,bear
2026-01-09,1.2721553728524924,bear
2026-01-10,1.2721553728524924,bear
2026-01-11,1.2721553728524924,bear
2026-01-12,1.2721553728524924,bear
2026-01-13,1.2721553728524924,bear
2026-01-14,1.2721553728524924,bear
2026-01-15,1.2721553728524924,bear
2026-01-16,1.2721553728524924,bear
2026-01-17,1.2721553728524924,bear
2026-01-18,1.2721553728524924,bear
2026-01-19,1.2721553728524924,bear
2026-01-20,1.2721553728524924,bear
2026-01-21,1.2721553728524924,bear
2026-01-22,1.2721553728524924,bear
2026-01-23,1.2721553728524924,bear
2026-01-24,1.2721553728524924,bear
2026-01-25,1.2721553728524924,bear
2026-01-26,1.2721553728524924,bear
2026-01-27,1.2721553728524924,bear
2026-01-28,1.2721553728524924,bear
2026-01-29,1.2721553728524924,bear
2026-01-30,1.2721553728524924,bear
2026-01-31,1.2721553728524924,bear
2026-02-01,1.2721553728524924,bear
2026-02-02,1.2721553728524924,bear
2026-02-03,1.2721553728524924,bear
2026-02-04,1.2721553728524924,bear
2026-02-05,1.2721553728524924,bear
2026-02-06,1.2721553728524924,bear
2026-02-07,1.2721553728524924,bear
2026-02-08,1.2721553728524924,bear
2026-02-09,1.2721553728524924,bear
2026-02-10,1.2721553728524924,bear
2026-02-11,1.2721553728524924,bear
2026-02-12,1.2721553728524924,bear
2026-02-13,1.2721553728524924,bear
2026-02-14,1.2721553728524924,bear
2026-02-15,1.2721553728524924,bear
2026-02-16,1.2721553728524924,bear
2026-02-17,1.2721553728524924,bear
2026-02-18,1.2721553728524924,bear
2026-02-19,1.2721553728524924,bear
2026-02-20,1.2721553728524924,bear
2026-02-21,1.2721553728524924,bear
2026-02-22,1.2721553728524924,bear
2026-02-23,1.2721553728524924,bear
2026-02-24,1.2721553728524924,bear
2026-02-25,1.2721553728524924,bear
2026-02-26,1.2721553728524924,bear
2026-02-27,1.2721553728524924,bear
2026-02-28,1.2721553728524924,bear
2026-03-01,1.2721553728524924,bear
2026-03-02,1.2721553728524924,bear
2026-03-03,1.2721553728524924,bear
2026-03-04,1.2721553728524924,bear
2026-03-05,1.2721553728524924,bear
2026-03-06,1.2721553728524924,bear
2026-03-07,1.2721553728524924,bear
2026-03-08,1.2721553728524924,bear
2026-03-09,1.2721553728524924,bear
2026-03-10,1.2721553728524924,bear
2026-03-11,1.2721553728524924,bear
2026-03-12,1.2721553728524924,bear
2026-03-13,1.2721553728524924,bear
2026-03-14,1.2721553728524924,bear
2026-03-15,1.2721553728524924,bear
2026-03-16,1.2721553728524924,bear
2026-03-17,1.2721553728524924,bear
2026-03-18,1.2721553728524924,bear
2026-03-19,1.2721553728524924,bear
2026-03-20,1.2721553728524924,bear
2026-03-21,1.2721553728524924,bear
2026-03-22,1.2721553728524924,bear
2026-03-23,1.2721553728524924,bear
2026-03-24,1.2721553728524924,bear
2026-03-25,1.2721553728524924,bear
2026-03-26,1.2721553728524924,bear
2026-03-27,1.2721553728524924,bear
2026-03-28,1.2721553728524924,bear
2026-03-29,1.2721553728524924,bear
2026-03-30,1.2721553728524924,bear
2026-03-31,1.2721553728524924,bear
2026-04-01,1.2721553728524924,bear
2026-04-02,1.2721553728524924,bear
2026-04-03,1.2721553728524924,bear
2026-04-04,1.2721553728524924,bear
2026-04-05,1.2721553728524924,bear
2026-04-06,1.2721553728524924,bear
2026-04-07,1.2721553728524924,bear
2026-04-08,1.2721553728524924,bear
2026-04-09,1.2721553728524924,bear
2026-04-10,1.2721553728524924,bear
2026-04-11,1.2721553728524924,bear
2026-04-12,1.2721553728524924,bear
2026-04-13,1.2721553728524924,bear
2026-04-14,1.2721553728524924,bear
2026-04-15,1.2721553728524924,bear
2026-04-16,1.2721553728524924,chop
2026-04-17,1.2721553728524924,chop
2026-04-18,1.2721553728524924,chop
2026-04-19,1.2721553728524924,bear
2026-04-20,1.2721553728524924,chop
2026-04-21,1.2721553728524924,chop
2026-04-22,1.2721553728524924,chop
2026-04-23,1.2721553728524924,chop
2026-04-24,1.2721553728524924,chop
2026-04-25,1.2721553728524924,chop
2026-04-26,1.2721553728524924,chop
2026-04-27,1.2721553728524924,chop
2026-04-28,1.2721553728524924,chop
2026-04-29,1.2721553728524924,chop
2026-04-30,1.2721553728524924,chop
2026-05-01,1.2721553728524924,chop
2026-05-02,1.2676581415090191,chop
2026-05-03,1.279593028498751,chop
2026-05-04,1.2887874943477007,chop
2026-05-05,1.3208204026262786,chop
2026-05-06,1.3454087673154296,chop
2026-05-07,1.33326182240781,chop
2026-05-08,1.3593303593911785,chop
2026-05-09,1.355287971584971,chop
2026-05-10,1.3713583210263767,chop
2026-05-11,1.3615378692852982,chop
2026-05-12,1.3543699701311467,chop
2026-05-13,1.3439860994802806,chop
2026-05-14,1.370263549282328,chop
2026-05-15,1.3419636327440247,chop
2026-05-16,1.3287766657773665,chop
2026-05-17,1.326773495390716,chop
2026-05-18,1.3347187442316504,chop
2026-05-19,1.3293652621468122,chop
2026-05-20,1.359215430087844,chop
2026-05-21,1.3912283496868305,bull
2026-05-22,1.374538974723696,bull
2026-05-23,1.4029952991996761,bull
2026-05-24,1.4034414016229422,bull
2026-05-25,1.4239979010374184,bull
2026-05-26,1.4003675682227943,bull
2026-05-27,1.3724186062103167,bull
2026-05-28,1.3441499512502424,bull
2026-05-29,1.332165649308279,bull
2026-05-30,1.338895507682198,bull
2026-05-31,1.3469550787059628,bull
